Jobs,Machines,Run,LPT_Makespan,SPT_Makespan,Random_Makespan,SA_Makespan,GA_Makespan,Run_Time_GA,Run_Time_SA,Improvement_GA_vs_LPT
30,4,0,43,51,40,40,40,61.39431285858154,2.827507972717285,6.98
30,8,0,62,70,61,61,61,3689.131652355194,10.009825944900513,1.61
60,4,0,125,128,115,109,111,282.6462938785553,9.181419372558594,11.2
60,8,0,69,71,66,65,64,665.5497899055481,72.2896671295166,7.25
