Jobs,Machines,Run,LPT_Makespan,SPT_Makespan,Random_Makespan,SA_Makespan,GA_Makespan,Run_Time_GA,Run_Time_SA,Improvement_GA_vs_LPT
20,2,0,53,57,49,49,49,22.716968774795532,1.0473124980926514,7.55
20,5,0,41,48,38,37,37,48.61452388763428,2.3054697513580322,9.76
50,2,0,126,129,126,126,126,60.30240750312805,2.698127269744873,0.0
50,5,0,53,58,54,53,53,105.00647497177124,4.961352825164795,0.0
